{"global_step": 38300, "_timestamp": 1683999485.4986732, "losses/qf1_values": -57.15352249145508, "losses/qf2_values": -57.26923751831055, "losses/qf1_loss": 1.2783714532852173, "losses/qf2_loss": 1.2749903202056885, "losses/qf_loss": 1.2766809463500977, "losses/actor_loss": 57.26808166503906, "losses/alpha": 0.01453248132020235, "charts/SPS": 143.0, "losses/alpha_loss": 0.270700067281723, "_runtime": 272.4375801086426, "_step": 333}